rna_id,decay_rate,decay_rate_std,half_life,half_life_std,r2_score
RNA21,0.4403919363453016,0.03215813683183861,1.5739324982019287,0.1149311158176368,0.0
RNA23,0.52278028083348,0.021226476154216006,1.3258862393486717,0.053835031034199086,0.0
RNA53,0.3712916926938764,0.05895891075727834,1.866853458343958,0.2964452170982633,0.0
RNA54,0.44995736957578736,0.04726976006261005,1.5404730035057175,0.16183264056169355,0.0
RNA57,0.7342684839423969,0.052938158204478315,0.9439969108279506,0.06805883529364344,0.0
RNA61,0.5514807601706457,0.02629002597135827,1.2568837040578957,0.05991778428033346,0.0
RNA78,0.5689882920325986,0.03429476133125475,1.2182099179647679,0.07342544472879167,0.0
RNA85,0.4175897771493438,0.047353457325530604,1.65987583626132,0.1882250569318166,0.0
RNA91,0.5392243548795648,0.05226680648956319,1.2854522876934205,0.12459838908323115,0.0
